"","Adenoma10_2757","Adenoma11_2775","Adenoma13_2803","Adenoma14_2817","Adenoma15_2847","Adenoma16_2873","Adenoma17_2937","Adenoma18_2967","Adenoma19_2971","Adenoma20_2995","Adenoma21_3129","Adenoma2_2113","Adenoma22_3133","Adenoma23_3141","Adenoma24_3217","Adenoma25_3273","Adenoma26_3373","Adenoma27_3379","Adenoma28_3391","Adenoma29_3399","Adenoma30_3509","Adenoma3_2123","Adenoma4_2143","Adenoma5_2243","Adenoma6_2453","Adenoma7_2475","Adenoma8_2555","Adenoma9_2717","Cancer10_2567","Cancer11_2573","Cancer12_2575","Cancer1_2355","Cancer13_2579","Cancer14_2611","Cancer15_2613","Cancer16_2619","Cancer17_2625","Cancer18_2629","Cancer19_2633","Cancer20_2667","Cancer21_2671","Cancer22_2703","Cancer2_2455","Cancer23_2705","Cancer24_2727","Cancer25_2735","Cancer26_2763","Cancer27_2771","Cancer28_2777","Cancer29_2801","Cancer30_2863","Cancer3_2513","Cancer4_2521","Cancer5_2523","Cancer6_2535","Cancer7_2537","Cancer8_2543","Cancer9_2547","Healthy10_3087","Healthy11_3123","Healthy1_2027","Healthy12_3211","Healthy13_3241","Healthy14_3245","Healthy15_3247","Healthy16_3251","Healthy17_3257","Healthy18_3293","Healthy19_3339","Healthy20_3341","Healthy21_3347","Healthy22_3363","Healthy2_2779","Healthy23_3367","Healthy24_3403","Healthy25_3405","Healthy26_3407","Healthy27_3439","Healthy28_3499","Healthy29_3529","Healthy30_3291_66","Healthy3_3021","Healthy4_3023","Healthy5_3043","Healthy6_3061","Healthy7_3063","Healthy8_3073","Healthy9_3075"
"k__Archaea;p__Euryarchaeota;c__Methanobacteria;o__Methanobacteriales;f__Methanobacteriaceae;g__Methanobrevibacter",0,1,13433,10,10,1,0,0,0,0,0,9,476,2815,1,4036,9057,1,3109,0,0,8,5,551,0,1562,1,3914,1,1,0,5,1,554,7009,0,0,2442,17,1,2213,1,8885,31,548,0,0,0,9,0,1993,0,2720,1,6367,7,0,795,1,2,2,2,0,0,2172,1,2861,4497,0,0,8,15,2,1367,277,8,1,0,0,3783,1,2,2,0,1,13,11,1
"k__Bacteria;p__;c__;o__;f__;g__",7,40,180,37,6,1,0,1,1,0,4,7,827,1,0,49,324,1,1398,9,2,0,21,91,5,0,12,19,131,33,31,398,13,65,49,4,52,16,1,6,134,41,59,9,147,1,0,4,219,1,3,0,225,26,50,1,132,0,5,6,0,15,71,21,2675,5,195,39,151,9,11,26,511,113,21,0,0,4,232,471,36,3,18,50,4,0,45,28
"k__Bacteria;p__Actinobacteria;c__Actinobacteria;o__Actinomycetales;f__;g__",1,0,0,0,0,0,0,3,0,0,0,2,0,0,0,0,0,0,2,0,0,0,2,0,0,0,0,0,0,0,6,0,1,0,0,0,0,0,0,0,0,2,0,1,0,0,0,0,0,9,2,0,4,0,0,0,0,0,0,0,0,0,0,1,2,0,0,0,0,0,0,8,0,0,0,2,0,2,0,2,0,0,1,2,1,2,0,53
"k__Bacteria;p__Actinobacteria;c__Actinobacteria;o__Actinomycetales;f__Actinomycetaceae;g__Actinomyces",10,24,73,12,46,54,27,85,7,27,5,5,0,80,8,5,5,135,7,58,64,9,20,2,92,42,2,2,38,18,19,67,89,5,8,14,9,22,26,7,0,55,57,40,19,174,1,7,1,12,30,23,38,15,8,1,9,16,6,7,2,130,2,16,38,44,15,0,186,4,15,24,5,2,59,590,47,12,8,17,31,59,10,6,10,187,14,98
"k__Bacteria;p__Actinobacteria;c__Actinobacteria;o__Actinomycetales;f__Micrococcaceae;g__Rothia",0,3,1,11,0,56,3,0,5,0,0,9,0,1,7,0,5,7,0,0,0,7,4,0,0,8,1,17,1,1,11,12,0,0,0,8,3,0,88,0,0,2,13,6,4,3,13,0,3,5,0,1,0,0,4,41,0,7,0,0,1,2,5,2,5,4,2,0,1,0,3,7,6,1,4,1,5,18,0,12,6,1,1,5,2,7,0,0
"k__Bacteria;p__Actinobacteria;c__Actinobacteria;o__Bifidobacteriales;f__Bifidobacteriaceae;g__Bifidobacterium",3,4,2,778,0,113,3293,851,617,1,1,167,31,0,2219,430,271,9,2701,1,2,350,1549,43,1,4670,1,32,1096,0,1,355,0,264,0,187,381,34,5,200,62,652,1,464,179,2263,911,1863,12,806,173,423,524,1442,357,1504,2908,0,252,7306,2,2,28,0,174,8676,3660,165,267,0,4,704,0,1,281,0,954,85,198,1,38,361,240,4717,84,1,654,1558
"k__Bacteria;p__Actinobacteria;c__Actinobacteria;o__Coriobacteriales;f__Coriobacteriaceae;g__",17,0,2820,404,1,18,8,7,44,154,61,179,331,556,2288,31,44,0,20,24,0,0,0,11,0,6,2,21,313,0,0,19,2,13,7,1,18,2,0,3,0,298,5,0,45,0,0,2,13,3,111,24,40,59,60,4,0,3,2,0,3,18,0,41,156,0,7,85,21,119,1,0,0,57,10,34,0,52,300,553,11,1,3,20,0,3,28,1
"k__Bacteria;p__Actinobacteria;c__Actinobacteria;o__Coriobacteriales;f__Coriobacteriaceae;g__Atopobium",0,0,2,0,0,2,0,0,0,0,0,5,0,0,0,0,0,16,0,0,0,0,2,0,0,0,0,0,0,0,0,4,0,0,0,1,0,0,0,0,0,1,0,0,0,3,0,0,0,0,1,0,0,0,2,0,0,0,0,0,0,0,0,1,2,0,1,0,0,0,0,0,0,0,0,1,0,0,0,0,0,0,0,0,0,0,0,3
"k__Bacteria;p__Actinobacteria;c__Actinobacteria;o__Coriobacteriales;f__Coriobacteriaceae;g__Collinsella",884,0,0,0,0,0,2,118,1832,219,31,990,1222,1108,154,555,518,1017,1281,2366,2,1365,623,100,0,399,1,0,667,539,1192,100,353,98,0,0,290,76,366,1,1,0,198,2,868,7,0,1,6,864,224,532,1878,870,26,3379,1257,142,3069,0,0,1342,0,1,301,1,816,151,19,203,65,19,2,202,70,781,0,0,447,423,212,824,7,791,2,4,0,1334
"k__Bacteria;p__Actinobacteria;c__Actinobacteria;o__Coriobacteriales;f__Coriobacteriaceae;g__Eggerthella",7,43,41,3,124,0,30,0,16,35,0,1,2,0,0,0,1,0,0,21,14,56,32,0,36,11,2,3,2,65,18,0,1,0,0,0,5,0,4,0,6,14,3,133,0,0,9,11,0,6,0,0,14,0,0,96,33,44,0,3,4,8,1,19,0,15,2,0,0,0,0,6,20,0,0,6,30,13,1,1,0,14,8,11,11,24,37,22
"k__Bacteria;p__Actinobacteria;c__Actinobacteria;o__Coriobacteriales;f__Coriobacteriaceae;g__Enterorhabdus",0,0,0,0,0,0,0,7,0,0,0,0,0,0,0,0,0,0,0,0,0,0,0,22,0,0,0,0,0,0,0,0,0,0,13,0,0,0,0,0,0,0,0,1,0,0,0,0,0,0,78,0,322,0,87,0,0,3,0,0,0,71,0,0,0,0,0,56,62,165,0,0,0,0,0,0,0,0,0,1,205,0,0,0,0,0,0,0
"k__Bacteria;p__Actinobacteria;c__Actinobacteria;o__Coriobacteriales;f__Coriobacteriaceae;g__Gordonibacter",15,25,38,15,0,9,13,0,46,38,0,4,2,3,10,0,0,7,5,21,0,16,0,0,0,4,0,2,16,6,0,2,1,0,1,0,0,0,0,0,1,7,1,0,7,0,0,3,0,5,0,1,0,10,0,0,1,14,0,0,0,2,0,29,6,0,13,0,0,0,0,3,15,1,2,2,10,9,21,7,0,0,0,26,0,0,0,6
"k__Bacteria;p__Actinobacteria;c__Actinobacteria;o__Coriobacteriales;f__Coriobacteriaceae;g__Slackia",0,0,0,0,0,0,0,20,0,0,0,0,0,27,0,15,67,102,20,0,0,0,0,0,0,0,0,0,0,0,0,0,0,49,83,0,0,0,0,0,0,0,0,0,0,0,0,0,0,0,0,0,329,85,0,0,0,0,0,0,0,113,0,2,1,0,0,22,60,0,51,0,0,3,0,0,0,20,18,477,16,0,0,0,0,0,0,0
"k__Bacteria;p__Bacteroidetes;c__;o__;f__;g__",0,0,0,0,0,0,0,0,0,0,0,0,0,0,0,16,0,0,0,0,0,0,0,0,0,0,0,25,0,0,0,0,0,0,0,0,0,0,0,0,0,0,2,0,0,0,0,0,0,0,0,0,0,0,0,0,0,0,0,0,0,0,0,0,0,0,7,0,0,0,0,0,0,0,0,0,0,0,0,12,0,0,0,9,0,0,5,0
"k__Bacteria;p__Bacteroidetes;c__Bacteroidia;o__Bacteroidales;f__Bacteroidaceae;g__Bacteroides",3329,8439,2233,11039,2739,1928,305,732,9716,14178,9131,1887,7872,6735,16285,2689,2799,1450,2612,893,16036,9618,1525,2845,440,1731,4795,12009,12933,31889,7917,20273,9634,6941,2306,2512,12914,693,2480,15671,16753,20685,8408,16922,5111,4589,2302,7348,5516,1542,19109,1547,2012,22790,6204,8155,2038,6909,8667,8836,18610,721,84889,18695,6244,33026,22380,11145,26252,12686,3914,7950,2145,2542,993,4727,22231,3834,1651,6776,30859,3376,2449,3269,23820,2939,28365,24189
"k__Bacteria;p__Bacteroidetes;c__Bacteroidia;o__Bacteroidales;f__Porphyromonadaceae;g__",97,113,25,4,65,34,82,70,20,23,159,40,15,50,29,3,15,68,11,61,49,77,92,0,77,48,64,49,56,89,33,16,38,6,5,41,17,4,49,2,5,17,28,48,85,119,89,103,5,111,8,153,76,17,6,141,80,226,4,30,2,66,3,37,21,58,27,24,19,6,140,13,34,2,107,28,10,10,13,9,31,86,150,41,4,107,6,40
"k__Bacteria;p__Bacteroidetes;c__Bacteroidia;o__Bacteroidales;f__Porphyromonadaceae;g__Barnesiella",85,601,373,7,102,223,87,117,22,24,243,119,319,59,134,48,89,93,181,48,101,113,131,118,115,58,101,1827,411,154,111,35,81,52,55,74,75,22,157,2384,12,7,89,91,291,146,124,153,3,98,31,175,147,12,1611,330,86,206,9,35,5,138,3,93,608,39,2335,783,43,405,269,11,32,6,249,92,985,22,920,14,52,185,106,92,6,177,17,75
"k__Bacteria;p__Bacteroidetes;c__Bacteroidia;o__Bacteroidales;f__Porphyromonadaceae;g__Butyricimonas",0,0,16,0,20,0,0,0,0,0,0,39,26,2,0,3,9,8,2,0,4,0,0,0,0,0,20,220,22,0,4,84,0,0,34,18,0,0,0,108,0,0,1,0,7,0,0,0,0,0,48,3,0,0,128,0,0,0,4,0,0,2,0,0,42,0,396,180,0,24,51,2,0,29,3,12,0,35,0,10,14,0,1,15,146,0,122,0
"k__Bacteria;p__Bacteroidetes;c__Bacteroidia;o__Bacteroidales;f__Porphyromonadaceae;g__Odoribacter",14,203,79,53,0,7,1,0,84,0,34,96,128,61,6,10,101,0,85,13,0,21,11,16,2,2,1,1040,50,0,0,190,25,0,629,0,0,5,1,537,0,253,250,1,51,0,0,0,79,2,432,0,64,25,130,1,39,6,31,0,1,0,3153,101,613,0,252,112,117,58,18,2,0,549,6,79,117,85,31,20,55,32,177,6,206,1,0,232
"k__Bacteria;p__Bacteroidetes;c__Bacteroidia;o__Bacteroidales;f__Porphyromonadaceae;g__Parabacteroides",2,230,1,3680,4,647,16,20,46,3310,345,221,1490,299,3,230,33,1883,375,103,3,3419,0,556,1,0,1,1035,569,0,1,1,176,2279,525,0,3914,61,2,967,1,245,984,1004,548,128,0,2,357,90,839,163,475,962,762,4,2,21,271,0,3,2,20527,1359,254,4,296,2415,2607,657,93,11,434,53,5,215,243,0,444,157,0,3,23,151,1567,1,0,2780
"k__Bacteria;p__Bacteroidetes;c__Bacteroidia;o__Bacteroidales;f__Porphyromonadaceae;g__Porphyromonas",0,0,20,0,5,2,0,25,11,0,1,0,6,22,0,1,0,1,0,0,18,16,0,0,39,0,8,1,241,9,0,12,33,10,6151,1,0,8,44,0,20082,3,726,53,3,108,0,4,0,2,5,5,0,6,4,8,0,37,0,0,0,30,0,6,6,1,4,2,89,1,5,2,0,0,44,241,57,6,1,17,3,2,0,4,0,115,0,24
"k__Bacteria;p__Bacteroidetes;c__Bacteroidia;o__Bacteroidales;f__Prevotellaceae;g__Hallella",0,0,0,0,0,0,0,0,2,0,0,0,0,0,0,0,0,0,0,0,0,1,0,0,0,0,0,0,5,0,0,0,0,0,0,0,0,0,0,0,0,0,0,0,0,0,0,0,0,0,0,0,0,0,0,0,0,3,0,0,0,0,0,7,0,0,0,0,0,0,0,0,0,0,0,0,42,0,5,0,0,0,0,0,0,0,0,26
"k__Bacteria;p__Bacteroidetes;c__Bacteroidia;o__Bacteroidales;f__Prevotellaceae;g__Paraprevotella",0,0,0,0,1,0,0,0,0,868,0,0,31,0,0,0,679,0,0,0,0,1,0,293,0,0,0,0,0,3,0,0,0,0,242,0,0,0,0,0,0,0,0,0,127,0,0,2,0,0,0,7,0,1,0,0,2,4,716,0,0,0,0,0,0,0,0,556,0,0,0,309,0,0,0,0,0,0,0,0,0,1,0,0,0,1,1,0
"k__Bacteria;p__Bacteroidetes;c__Bacteroidia;o__Bacteroidales;f__Prevotellaceae;g__Prevotella",6,0,0,6,34,4,0,2,28,3,7,10,0,0,1,4,2874,1023,0,9,2,5,1,14377,1,4,2,1,3389,0,2,1,9,17099,1318,0,22,485,13,3,0,2,3274,5,9,4,15,5,0,6,0,5,0,4,2289,9,11,23,4,3,8,6,40853,36,6,2,76,5295,0,3,0,1,3,12,14,0,36,3,3,58,3,0,0,0,2,3,22,36
"k__Bacteria;p__Bacteroidetes;c__Bacteroidia;o__Bacteroidales;f__Rikenellaceae;g__",0,0,0,0,0,0,0,0,0,0,0,0,17,0,0,0,14,0,0,0,0,0,0,0,0,0,0,222,0,0,0,0,0,0,0,0,0,41,0,0,0,977,172,0,0,0,0,0,0,0,0,0,0,0,0,0,0,0,0,0,0,0,0,0,0,0,55,0,449,0,0,1,0,24,0,0,1,0,743,0,0,0,0,0,0,0,0,0
"k__Bacteria;p__Bacteroidetes;c__Bacteroidia;o__Bacteroidales;f__Rikenellaceae;g__Alistipes",180,120,1692,1984,388,246,23,12,4214,1769,1132,1710,1482,72,579,793,803,51,619,99,16,1268,50,600,11,20,2756,6400,3372,2242,132,1664,1289,200,1038,7,2035,44,36,5752,4875,411,1056,26,647,16,7,2058,110,214,8365,368,1514,1730,2445,27,22,3805,1742,2,1,223,1495,6345,1386,4,8891,2386,949,968,451,349,50,682,211,87,1711,3605,1237,1354,1645,89,26,737,8042,46,6083,1063
"k__Bacteria;p__Cyanobacteria/Chloroplast;c__Chloroplast;o__;f__Chloroplast;g__Streptophyta",1,176,3,12,218,9,1,0,0,28,0,1,0,0,195,0,0,71,0,3,0,20,0,0,0,4,0,22,6,2,27,0,2,1,0,2,0,3,32,27,0,0,0,8,0,4,1,0,1,5,0,0,9,0,0,0,1,0,1,0,28,1,1,4,3,1,1,0,2,0,15,4,52,0,1,0,0,20,5,5,3,1,0,2,0,1,46,31
"k__Bacteria;p__Deinococcus-Thermus;c__Deinococci;o__Deinococcales;f__Deinococcaceae;g__Deinococcus",0,10,110,0,0,0,0,239,1,0,2,0,1,12,0,40,2,0,0,0,156,0,0,0,100,0,3,0,1,46,2,108,231,0,0,1,0,27,0,1,0,18,96,12,0,732,1,0,0,1,61,0,0,0,13,0,0,0,0,0,0,175,0,2,1,1,2,0,585,0,0,6,2,0,312,1462,2,0,0,0,0,0,0,9,0,581,0,0
"k__Bacteria;p__Firmicutes;c__;o__;f__;g__",6,70,285,1820,2,615,15,0,203,151,9,70,202,8,3673,1384,1404,35,748,24,1,9,13,209,5,9,23,67,247,2,129,373,40,47,227,2,14,65,6,4,82,0,195,1,255,3,2,4,5,19,251,5,1255,1,517,7,4,19,321,4,30,296,3,11,2487,9,114,54,4640,155,24,18,2604,90,164,1,2,0,1280,1991,56,15,13,83,1,10,5,118
"k__Bacteria;p__Firmicutes;c__Bacilli;o__;f__;g__",0,0,0,0,1,0,0,0,0,0,0,0,0,0,0,2,0,0,0,0,6,0,0,0,1,0,0,0,0,0,0,4,1,0,0,0,0,1,0,0,0,1,8,0,0,12,0,0,0,0,0,0,0,0,0,2,0,0,0,0,0,5,0,0,0,0,0,0,11,0,0,0,0,0,4,14,0,0,0,0,0,0,0,0,0,9,0,0
"k__Bacteria;p__Firmicutes;c__Bacilli;o__Bacillales;f__;g__",0,3,37,0,0,3,0,95,0,0,5,0,0,2,0,14,0,0,0,0,82,0,0,0,46,1,1,0,2,25,0,45,166,0,0,0,0,18,0,0,0,6,42,7,3,355,1,0,0,0,25,0,0,0,8,0,0,1,0,0,0,65,0,2,0,0,3,0,376,0,4,2,0,0,178,603,0,0,0,2,1,0,2,6,0,338,0,0
"k__Bacteria;p__Firmicutes;c__Bacilli;o__Bacillales;f__Bacillales_Incertae_Sedis_XI;g__Gemella",0,0,5,0,35,86,4,17,0,0,0,3,5,21,0,0,1,8,0,2,0,0,11,1,7,8,0,1,35,21,0,6,2,2,0,4,0,0,13,1,0,0,16,34,7,3,3,0,0,3,6,0,4,18,2,0,6,5,1,2,4,10,6,0,13,1,11,2,0,0,2,16,2,0,0,3,4,0,2,2,8,4,0,7,0,14,0,3
"k__Bacteria;p__Firmicutes;c__Bacilli;o__Bacillales;f__Listeriaceae;g__Listeria",0,1,32,2,0,0,0,98,0,0,0,0,0,0,0,7,0,3,0,0,78,0,0,0,50,0,0,1,0,22,0,44,69,0,0,0,0,10,0,0,0,8,53,8,3,223,1,0,0,0,15,0,0,0,14,4,1,0,0,0,0,54,0,1,0,0,4,0,235,0,0,4,0,1,181,422,2,0,1,0,0,0,0,0,0,239,0,0
"k__Bacteria;p__Firmicutes;c__Bacilli;o__Bacillales;f__Planococcaceae;g__",0,0,0,0,0,0,0,4,0,0,0,0,0,0,0,0,0,0,0,0,0,0,0,0,0,0,0,0,0,0,0,0,1,0,0,0,0,0,0,0,0,2,0,0,0,12,1,0,0,0,0,0,0,0,0,0,0,0,0,0,0,0,0,0,0,0,0,0,7,0,0,0,0,0,1,13,0,0,0,0,0,0,0,0,0,4,0,0
"k__Bacteria;p__Firmicutes;c__Bacilli;o__Bacillales;f__Staphylococcaceae;g__Staphylococcus",0,10,106,1,8,6,0,200,0,1,7,0,1,8,1,32,0,0,0,0,167,0,1,0,107,3,3,0,3,81,9,122,307,0,0,4,0,48,6,0,0,19,115,14,8,807,3,15,0,0,50,2,0,0,19,25,1,0,1,5,1,155,0,0,4,0,10,2,789,0,0,3,5,1,500,1304,1,0,3,1,2,0,0,10,0,689,0,0
"k__Bacteria;p__Firmicutes;c__Bacilli;o__Lactobacillales;f__Enterococcaceae;g__",3,7,0,3,1,26,0,6,12,0,2,1,1,4,1,0,0,18,0,8,2,0,8,0,9,10,0,8,3,7,1,16,2,0,2,6,0,0,110,1,17,11,6,29,3,0,10,0,0,38,0,1,1,0,0,0,14,4,0,6,1,25,1,2,6,14,0,3,1,1,0,8,3,0,0,9,3,11,1,10,6,10,6,1,4,70,1,11
"k__Bacteria;p__Firmicutes;c__Bacilli;o__Lactobacillales;f__Enterococcaceae;g__Enterococcus",0,1,16,0,29,118,0,43,1,0,0,0,0,0,0,8,0,0,0,3,52,0,0,2,21,164,0,1,0,2,4,19,66,0,0,22,0,40,2,11,0,3,34,3,2,134,40,0,0,0,8,0,0,0,7,0,0,0,0,19,0,56,0,3,0,35,4,0,112,1,0,1,1596,0,110,303,1,0,9,0,2,14,0,1,0,132,0,0
"k__Bacteria;p__Firmicutes;c__Bacilli;o__Lactobacillales;f__Lactobacillaceae;g__Lactobacillus",18,16,16,2,19,638,7,56,7,0,64,0,11,0,0,6,2,22,1,4,27,17,15,0,22,22,4,16,5,16,16,21,52,3,1,44,1,6,20,0,1,31,17,32,12,93,67,69,0,37,92,12,7,1,9,59,14,52,0,89,3,39,24,13,8,3,17,4,87,1,10,222,11,2,112,216,15,0,0,4,4,57,10,1,1,84,3,18
"k__Bacteria;p__Firmicutes;c__Bacilli;o__Lactobacillales;f__Leuconostocaceae;g__Leuconostoc",0,13,4,0,0,0,5,0,0,0,0,3,0,0,0,0,1,0,0,0,0,0,0,0,8,0,0,0,0,0,0,0,0,0,0,1,0,0,160,0,0,0,0,0,0,38,0,2,0,0,0,0,0,0,4,0,0,1,0,0,0,4,0,4,0,4,0,0,0,0,0,2,0,0,0,0,0,0,2,0,0,3,7,0,0,0,0,6
"k__Bacteria;p__Firmicutes;c__Bacilli;o__Lactobacillales;f__Leuconostocaceae;g__Weissella",0,0,0,1,0,13,0,0,0,0,0,0,0,0,0,0,0,0,0,0,0,0,0,0,1,0,0,0,0,0,0,0,0,0,0,0,0,0,173,2,0,0,0,0,0,0,0,0,0,0,0,0,0,0,0,0,0,0,0,0,0,4,0,0,0,0,0,0,66,0,1,11,0,0,0,0,0,0,0,0,0,0,0,0,0,0,0,0
"k__Bacteria;p__Firmicutes;c__Bacilli;o__Lactobacillales;f__Streptococcaceae;g__Lactococcus",0,0,5,4,0,79,26,0,0,9,0,3,0,0,1,2,7,0,1,27,3,0,0,9,67,0,13,80,0,46,10,4,1,0,0,9,1,1,1,0,0,0,0,17,18,19,15,0,0,17,44,3,0,6,6,0,1,67,0,127,0,35,4,0,11,1,6,8,9,235,0,1,0,0,2,0,0,7,17,0,0,1,3,0,7,2,0,22
"k__Bacteria;p__Firmicutes;c__Bacilli;o__Lactobacillales;f__Streptococcaceae;g__Streptococcus",187,1232,723,770,138,4566,296,133,354,132,654,379,69,211,217,19,216,476,16,2007,174,97,222,16,642,165,41,515,113,198,1809,464,143,0,7,941,33,76,3623,42,36,77,1498,627,738,1159,467,64,16,1092,466,76,93,24,211,5866,337,78,12,1195,216,1754,919,81,1408,96,1879,6,410,520,48,5564,46,43,269,1167,174,405,66,569,415,131,69,2318,108,742,93,181
"k__Bacteria;p__Firmicutes;c__Clostridia;o__;f__;g__",0,0,166,0,0,1,0,0,158,0,0,194,1,0,0,26,10,11,18,30,0,0,0,17,0,4,0,8,127,0,0,10,4,0,15,0,8,5,0,0,49,0,11,0,27,0,0,0,0,0,9,0,167,0,3,0,0,58,8,0,0,0,0,26,20,0,22,7,0,30,0,2,0,8,3,0,0,0,11,81,0,0,0,32,0,0,0,0
"k__Bacteria;p__Firmicutes;c__Clostridia;o__Clostridiales;f__;g__",66,86,447,3819,155,511,53,19,209,109,92,923,294,88,247,1744,3169,626,269,306,12,667,367,249,144,198,199,1160,1100,35,64,1493,269,397,298,39,74,154,12,151,1377,50,412,8,3095,25,7,72,354,13,192,185,1821,38,276,85,43,223,274,10,125,84,166,252,11552,7,1003,1157,1061,575,67,52,302,766,276,105,72,1552,5283,19574,148,1436,80,827,47,41,1018,69
"k__Bacteria;p__Firmicutes;c__Clostridia;o__Clostridiales;f__Clostridiaceae_1;g__Anaerosporobacter",5,17,8,2,0,0,6,0,14,8,3,19,0,0,0,11,14,16,1,28,0,0,0,27,0,0,0,9,8,0,0,0,251,0,2,0,0,1,0,2,16,9,0,0,0,0,0,0,8,0,71,0,11,2,29,0,0,0,12,0,2,0,8,6,6,0,7,93,38,31,0,0,25,5,0,0,0,0,48,186,21,0,4,49,0,98,167,0
"k__Bacteria;p__Firmicutes;c__Clostridia;o__Clostridiales;f__Clostridiaceae_1;g__Clostridium_sensu_stricto",844,905,139,22,1063,273,3,394,385,259,2,214,2026,1306,226,481,460,1006,566,244,272,5,1,187,216,1561,8,56,133,128,5,171,5387,1983,8,13,62,1014,2,25,240,40,182,128,505,1218,1118,41,1,2,1753,928,4178,0,139,27,10,25,67,1574,25,188,2,31,4241,4,23,358,1353,1,8,7,1406,13,951,1566,15,3,132,249,9,93,1618,19,603,977,217,65
"k__Bacteria;p__Firmicutes;c__Clostridia;o__Clostridiales;f__Clostridiales_Incertae_Sedis_XI;g__Anaerococcus",0,0,0,0,0,0,0,0,1,0,0,0,0,0,0,0,0,0,0,0,0,0,5,0,0,0,0,2,7,2,0,0,0,0,0,0,0,0,0,0,32,0,0,0,0,0,0,0,0,0,0,0,0,0,0,0,0,29,0,0,0,2,0,0,0,0,2,0,0,0,0,0,0,0,0,0,3,0,0,0,0,0,7,0,0,0,2,2
"k__Bacteria;p__Firmicutes;c__Clostridia;o__Clostridiales;f__Clostridiales_Incertae_Sedis_XI;g__Finegoldia",0,0,0,0,2,0,0,0,0,0,1,0,0,0,0,0,0,0,0,0,0,2,3,0,11,0,7,0,0,4,0,0,0,0,0,0,1,0,0,0,0,0,0,1,0,0,0,0,0,0,0,0,0,2,2,0,0,0,0,0,0,2,0,2,0,0,0,0,0,0,0,2,0,0,0,0,3,0,0,0,0,0,0,0,0,0,0,0
"k__Bacteria;p__Firmicutes;c__Clostridia;o__Clostridiales;f__Clostridiales_Incertae_Sedis_XI;g__Parvimonas",0,0,0,0,0,0,0,0,0,0,0,0,0,0,0,0,0,0,0,0,0,0,0,0,0,0,0,4,12,0,0,0,0,0,0,0,0,0,3,0,518,0,9,0,1,0,0,0,2,1,4,0,0,4,0,0,0,4,0,0,0,0,0,1,0,0,1,0,0,0,0,1,0,0,0,1,4,0,0,0,0,0,0,0,0,0,0,0
"k__Bacteria;p__Firmicutes;c__Clostridia;o__Clostridiales;f__Clostridiales_Incertae_Sedis_XI;g__Peptoniphilus",0,0,0,0,2,0,0,0,2,0,0,1,0,0,0,1,0,0,0,0,0,0,0,0,0,0,4,0,1,0,0,0,0,0,0,0,0,0,0,0,141,0,0,0,0,1,0,0,0,0,0,0,0,0,0,3,0,0,0,0,0,2,0,0,0,3,0,1,0,0,0,0,0,0,0,0,1,0,0,1,0,1,0,0,0,0,0,3
"k__Bacteria;p__Firmicutes;c__Clostridia;o__Clostridiales;f__Clostridiales_Incertae_Sedis_XIII;g__",6,0,0,0,0,0,0,0,0,1,0,2,11,3,0,19,10,5,51,52,0,4,0,3,0,0,0,0,5,0,0,3,0,0,17,0,0,6,0,1,0,1,26,0,2,0,0,0,0,0,37,0,5,0,3,0,0,1,0,0,9,0,67,0,4,0,8,0,18,19,0,0,0,4,5,0,0,5,5,29,11,34,1,24,0,0,0,0
"k__Bacteria;p__Firmicutes;c__Clostridia;o__Clostridiales;f__Clostridiales_Incertae_Sedis_XIII;g__Anaerovorax",17,31,1,0,0,51,11,0,5,0,0,19,1,1,17,0,0,0,8,0,0,0,55,10,0,0,2,0,18,0,18,47,4,0,0,0,23,0,0,12,4,26,13,0,16,0,0,4,0,0,0,0,14,0,0,0,0,0,0,0,0,0,51,0,41,0,0,0,23,20,1,0,230,22,9,42,0,46,0,48,23,22,14,12,0,0,32,0
"k__Bacteria;p__Firmicutes;c__Clostridia;o__Clostridiales;f__Clostridiales_Incertae_Sedis_XIII;g__Mogibacterium",0,0,0,3,535,22,0,3,0,0,0,0,77,77,1,0,0,245,0,0,0,0,2,37,4,0,0,0,1,2,0,2,0,0,99,0,0,0,0,2,0,0,0,0,0,0,0,0,0,0,195,42,0,0,0,0,0,0,0,0,0,0,0,2,2,0,0,0,0,0,0,0,2,0,0,139,0,0,0,0,3,3,3,0,0,0,0,0
"k__Bacteria;p__Firmicutes;c__Clostridia;o__Clostridiales;f__Eubacteriaceae;g__Anaerofustis",6,0,0,0,5,0,2,0,0,5,0,0,0,0,0,2,0,0,3,5,0,0,0,0,0,0,0,1,0,0,5,0,0,1,1,12,0,2,0,0,0,1,0,0,2,0,0,1,0,13,0,0,0,3,1,1,13,0,0,0,0,1,8,0,3,0,1,0,0,0,0,3,3,0,0,0,3,0,1,0,0,3,3,4,0,0,0,0
"k__Bacteria;p__Firmicutes;c__Clostridia;o__Clostridiales;f__Eubacteriaceae;g__Eubacterium",0,0,38,3,197,0,69,0,41,23,9,188,0,0,0,6,3,1,7,88,0,0,53,2,6,7,19,11,31,0,87,2,41,0,21,36,35,9,3,0,701,63,3,6,7,0,0,11,0,13,2,8,63,56,1,0,37,372,12,0,12,40,124,68,6,0,15,7,5,31,0,13,5,1,2,6,26,2,22,57,2,2,4,56,119,5,170,8
"k__Bacteria;p__Firmicutes;c__Clostridia;o__Clostridiales;f__Incertae_Sedis_XI;g__",0,0,0,0,0,0,0,0,1,0,0,0,0,0,0,0,0,0,0,0,0,0,0,0,0,0,0,1,0,0,0,1,0,0,2,0,0,4,0,0,0,0,6,0,0,0,0,0,0,5,0,0,6,7,0,0,13,12,0,0,0,0,0,2,0,0,2,0,0,0,0,0,0,1,0,3,0,17,5,14,0,0,0,6,0,0,0,3
"k__Bacteria;p__Firmicutes;c__Clostridia;o__Clostridiales;f__Lachnospiraceae;g__",1543,1958,988,788,2453,375,1854,715,3142,509,451,1024,953,796,402,817,642,1074,616,2912,51,4119,2951,590,2838,3479,2624,912,1478,1289,1316,1414,1757,1225,691,1292,1481,581,259,1969,103,2604,2796,4102,1996,1153,52,942,691,3973,1283,4156,4732,995,1511,5636,1631,267,426,740,3432,2053,1444,2077,1639,591,754,1086,2016,5901,1625,2586,2818,529,324,3007,1017,1217,1202,4584,2047,5151,1760,4877,46,1805,1490,674
"k__Bacteria;p__Firmicutes;c__Clostridia;o__Clostridiales;f__Lachnospiraceae;g__Anaerostipes",1087,4693,2139,358,1270,102,2424,285,1404,1793,15,4023,72,5786,775,152,405,367,900,1019,275,1015,3168,36,365,1227,1420,1581,1544,1098,1718,571,316,28,1171,2613,553,353,137,2298,3,430,708,4198,1729,290,1525,1485,47,4819,86,677,1721,2245,242,2849,1494,45,118,1134,643,6139,963,2296,2431,2139,860,472,280,785,532,1076,214,362,652,1571,1155,2511,163,2139,446,946,983,2533,789,4978,1161,135
"k__Bacteria;p__Firmicutes;c__Clostridia;o__Clostridiales;f__Lachnospiraceae;g__Blautia",6235,9198,8960,3613,10649,5554,9658,8378,5836,5074,1224,8807,5410,8568,4373,945,2073,7049,2912,13066,16055,12934,24683,631,21672,7982,10529,7247,6448,7897,11349,2922,8652,1239,3497,11615,5544,2124,563,4514,62,3169,5880,18971,5339,3746,4408,12002,874,15730,1626,8397,9453,10496,3597,17256,4061,1912,1811,3480,3579,23999,2976,5686,7105,9863,3372,3859,2778,5041,7488,8543,1620,915,4015,14196,7930,7869,2554,10599,3340,11333,3006,4862,600,14434,4750,5114
"k__Bacteria;p__Firmicutes;c__Clostridia;o__Clostridiales;f__Lachnospiraceae;g__Clostridium_XlVa",238,452,1093,239,197,109,260,2415,700,1021,16,362,461,1062,536,56,167,1283,184,352,481,352,209,1144,3640,196,913,1004,156,1592,302,177,1699,310,1704,1834,365,319,308,1202,1492,2114,3000,2570,518,488,348,1866,2096,733,425,200,1913,1269,1053,1523,265,251,228,137,5180,1514,3559,172,1805,1226,290,1030,1333,1134,261,196,376,120,302,1211,887,526,555,564,1393,162,155,1465,603,1677,2257,2006
"k__Bacteria;p__Firmicutes;c__Clostridia;o__Clostridiales;f__Lachnospiraceae;g__Clostridium_XlVb",70,17,192,4,2,36,36,13,9,919,8,32,11,2,13,8,65,553,32,4,0,100,165,6,7,2,48,24,79,1368,205,44,563,32,41,738,195,17,171,300,1186,791,69,4,52,20,2,729,127,11,52,44,88,138,13,181,2,65,56,0,85,144,282,127,3,7,96,28,55,193,90,148,1,4,6,172,25,65,252,39,8,290,1,234,0,556,56,417
"k__Bacteria;p__Firmicutes;c__Clostridia;o__Clostridiales;f__Lachnospiraceae;g__Coprococcus",491,143,890,377,992,200,9,18,1119,4,1,78,597,126,45,422,141,2523,306,4410,2,319,144,326,0,1386,165,166,519,512,4,466,129,407,358,1394,189,261,9,493,56,248,307,576,922,33,5,535,2452,898,1553,425,398,1062,1556,31,1243,143,540,271,1032,223,791,513,3889,3,985,300,385,277,99,47,229,64,79,817,52,327,526,4141,570,914,1031,674,196,1476,96,2620
"k__Bacteria;p__Firmicutes;c__Clostridia;o__Clostridiales;f__Lachnospiraceae;g__Dorea",527,1124,162,324,3937,1254,2047,1947,9,149,116,1539,396,323,944,45,484,2,469,1295,462,915,1967,241,5,1465,168,441,1626,638,1741,464,859,189,5,244,998,345,18,482,66,1313,1011,202,724,1567,419,827,5,2,1225,652,316,0,142,749,1253,28,785,2188,399,1195,20,319,1213,1,1010,745,545,544,417,1258,234,136,260,200,1,514,325,989,300,983,1224,500,293,864,370,0
"k__Bacteria;p__Firmicutes;c__Clostridia;o__Clostridiales;f__Lachnospiraceae;g__Hespellia",0,183,50,0,87,14,1,308,54,0,0,39,24,36,0,15,12,0,28,230,0,30,94,3,0,55,14,16,39,47,117,17,46,12,13,0,7,9,7,17,0,36,0,0,21,0,0,86,3,0,10,30,0,0,81,1,0,5,25,86,28,80,2,0,17,0,20,22,38,42,12,0,23,28,31,154,0,62,8,87,10,121,17,67,0,29,40,0
"k__Bacteria;p__Firmicutes;c__Clostridia;o__Clostridiales;f__Lachnospiraceae;g__Howardella",0,0,0,0,0,26,0,0,0,0,0,2,31,0,0,0,27,0,0,0,0,0,0,6,0,271,0,0,0,0,0,0,24,0,0,0,0,0,0,85,0,0,0,0,0,0,0,0,7,0,54,35,0,0,59,0,0,0,0,0,0,0,0,0,37,0,0,0,0,0,0,18,0,0,0,25,0,0,0,252,0,0,0,0,0,0,0,0
"k__Bacteria;p__Firmicutes;c__Clostridia;o__Clostridiales;f__Lachnospiraceae;g__Lachnospiracea_incertae_sedis",808,2889,3027,2166,1962,917,235,1819,1237,1951,323,2484,805,707,816,264,390,1617,1074,2644,280,394,2170,1053,1689,1789,1290,2422,1610,885,1381,833,1256,173,1703,1996,1091,803,708,2357,35,1231,1012,7178,1133,1771,281,1842,200,893,1770,703,1303,1503,790,7986,123,28,475,1135,981,3669,745,1217,1735,1936,2551,1009,1943,779,663,1023,3040,273,604,2365,875,1428,1219,3868,1743,2392,625,3693,3830,239,1126,719
"k__Bacteria;p__Firmicutes;c__Clostridia;o__Clostridiales;f__Lachnospiraceae;g__Lactonifactor",1,0,0,0,0,1,0,0,2,0,0,0,0,0,0,0,0,0,0,4,17,3,1,0,43,0,0,0,0,17,4,1,0,0,0,4,0,0,0,0,0,0,0,27,0,0,0,11,0,3,0,0,1,2,15,0,0,0,0,0,5,3,12,0,0,0,0,0,0,0,0,9,0,0,0,0,0,0,0,0,0,0,0,7,10,4,4,0
"k__Bacteria;p__Firmicutes;c__Clostridia;o__Clostridiales;f__Lachnospiraceae;g__Marvinbryantia",0,0,0,0,0,0,5,0,0,0,0,0,0,0,4,0,0,0,0,0,4,0,0,0,0,11,0,0,0,0,3,6,0,0,0,0,0,0,0,0,0,0,1,0,0,0,0,7,0,0,0,3,0,0,0,0,0,0,0,0,0,0,0,0,0,0,0,0,0,0,8,0,0,0,0,0,0,0,0,2,1,0,0,11,0,0,0,0
"k__Bacteria;p__Firmicutes;c__Clostridia;o__Clostridiales;f__Lachnospiraceae;g__Roseburia",3553,351,800,3783,2977,56,82,119,251,2240,63,518,836,624,615,80,2692,1981,1492,3997,411,2956,5881,518,237,1273,2152,1285,3116,261,426,1511,1151,2328,775,3135,3118,2215,28,2302,93,9030,3774,4,4753,336,153,2288,825,3601,2053,2640,978,1864,1545,21,2532,5,616,1507,1880,466,5302,481,2682,5,1109,1284,5090,1595,593,815,3717,89,361,2981,2142,1626,1133,2999,2796,2552,695,1940,2,883,555,1159
"k__Bacteria;p__Firmicutes;c__Clostridia;o__Clostridiales;f__Lachnospiraceae;g__Ruminococcus2",1042,3811,503,618,1621,1978,3318,517,254,984,220,915,391,651,631,151,280,93,631,1550,22,1167,23,122,3,455,987,656,783,5976,1614,350,253,147,1022,155,1592,325,2,603,124,510,363,3077,669,6336,316,2989,2,177,1576,751,2549,282,439,2974,2541,132,98,662,817,299,17522,1259,1481,49,1950,519,628,512,1491,26,179,186,38,43,606,1563,164,1718,635,3445,1038,257,195,2284,556,1196
"k__Bacteria;p__Firmicutes;c__Clostridia;o__Clostridiales;f__Peptostreptococcaceae;g__",0,0,0,1,0,2,2,0,0,0,0,0,5,3,0,0,0,2,0,1,0,0,0,0,0,11,0,0,0,0,0,1,0,0,0,1,0,0,0,4,0,0,0,2,1,0,1,4,0,0,0,0,1,0,0,0,0,0,1,5,0,0,0,4,2,0,1,0,2,0,0,0,0,0,0,0,0,0,0,0,0,0,0,0,0,4,0,1
"k__Bacteria;p__Firmicutes;c__Clostridia;o__Clostridiales;f__Peptostreptococcaceae;g__Clostridium_XI",479,121,616,1391,1261,2067,804,1161,183,251,1,645,3050,1799,192,394,8,549,2543,1233,24,10,32,61,165,8828,30,189,842,104,0,212,124,669,65,363,168,349,1,718,117,110,12,5250,1127,2582,4534,1886,4,235,2001,239,2279,31,170,96,852,9,280,2116,125,6,30,461,7808,261,287,11,1308,1,10,73,5378,16,1,2,235,8,613,910,328,54,4702,28,907,866,753,590
"k__Bacteria;p__Firmicutes;c__Clostridia;o__Clostridiales;f__Ruminococcaceae;g__",1019,2396,7770,986,975,1241,283,41,1583,1683,223,1042,1264,467,362,1405,3237,1162,2068,718,64,1743,1340,2314,61,1443,657,3038,8417,482,1137,10806,12011,1831,3126,559,1197,1042,43,3729,2048,655,3859,451,1360,97,24,308,715,1433,2633,272,4177,681,1966,538,709,374,2399,225,5053,2052,529,2517,3147,212,2367,2602,3333,2141,161,310,3168,4038,1708,441,1046,9613,4536,2984,1177,899,801,5697,5446,306,1353,1273
"k__Bacteria;p__Firmicutes;c__Clostridia;o__Clostridiales;f__Ruminococcaceae;g__Acetanaerobacterium",1,21,61,7,0,1,0,17,9,24,2,29,5,12,0,21,43,21,11,4,10,1,8,15,1,0,35,2,6,0,8,4,36,7,7,23,27,18,0,60,85,17,36,0,9,1,0,62,50,0,5,3,26,15,3,4,1,0,19,0,2,41,12,52,8,0,50,50,74,17,1,8,23,1,2,2,1,0,5,219,12,10,1,83,1,111,14,22
"k__Bacteria;p__Firmicutes;c__Clostridia;o__Clostridiales;f__Ruminococcaceae;g__Anaerofilum",0,0,5,0,0,3,0,0,1,0,0,0,0,0,0,1,1,0,3,4,0,0,0,2,0,6,0,2,1,0,0,1,0,4,8,0,0,1,0,0,0,0,6,0,1,0,0,0,3,0,1,1,5,0,2,0,0,0,3,0,10,1,0,0,0,0,2,2,0,4,0,0,0,0,1,0,2,3,10,17,4,0,0,0,0,0,4,0
"k__Bacteria;p__Firmicutes;c__Clostridia;o__Clostridiales;f__Ruminococcaceae;g__Anaerotruncus",0,6,9,0,0,0,0,0,0,3,0,0,0,0,2,0,3,0,0,0,4,0,0,0,0,0,1,2,1,4,0,0,1,0,50,1,2,4,1,8,3,0,30,0,0,0,0,0,1,0,1,0,9,13,1,0,6,8,2,0,4,4,0,17,0,0,1,1,1,4,0,0,0,1,0,0,5,1,1,4,1,1,0,0,29,6,11,13
"k__Bacteria;p__Firmicutes;c__Clostridia;o__Clostridiales;f__Ruminococcaceae;g__Butyricicoccus",196,36,79,119,132,32,11,24,8,213,0,97,34,35,105,25,39,9,36,93,69,179,235,11,185,80,24,51,47,45,19,107,84,32,4,239,12,65,249,183,7,150,83,0,57,0,0,132,36,7,112,141,142,16,452,7,15,12,17,0,220,13,65,57,142,0,0,41,212,35,17,7,7,148,23,58,167,28,49,146,46,143,18,37,23,75,93,17
"k__Bacteria;p__Firmicutes;c__Clostridia;o__Clostridiales;f__Ruminococcaceae;g__Clostridium_III",0,5,0,0,0,0,0,0,0,0,0,0,0,0,0,4,0,0,0,0,0,0,0,0,0,0,0,6,0,0,0,0,0,0,0,0,0,0,0,0,0,0,0,0,123,0,0,0,0,0,0,0,0,0,0,0,0,0,0,0,0,0,0,0,75,0,39,0,21,0,0,2,24,1,0,0,0,0,0,0,0,0,0,0,0,0,0,0
"k__Bacteria;p__Firmicutes;c__Clostridia;o__Clostridiales;f__Ruminococcaceae;g__Clostridium_IV",92,638,1577,476,68,219,24,2,534,837,444,1166,60,64,109,266,374,98,599,32,27,63,74,441,92,192,36,509,284,756,84,93,86,151,1211,229,362,382,1,318,173,649,1125,2480,253,0,0,639,217,47,132,78,705,125,497,566,102,69,116,0,276,257,184,1523,1417,9,1542,1972,279,4895,23,1395,210,92,265,17,149,95,308,1474,157,411,230,2856,52,93,247,142
"k__Bacteria;p__Firmicutes;c__Clostridia;o__Clostridiales;f__Ruminococcaceae;g__Faecalibacterium",2238,1375,854,8071,4977,3466,402,10,4679,270,86,4648,3479,1839,2642,1554,2431,6905,2447,779,271,6382,984,1044,588,3748,2429,1677,2315,919,2138,1551,6532,4782,1347,2411,3428,1646,1936,5711,407,3661,7982,441,2530,1131,6,2360,1427,1207,6250,2360,300,3486,2352,23,912,105,431,1079,3751,682,4820,1954,4330,174,1705,2760,9806,2038,1468,3145,4348,915,2572,694,4284,1294,1711,3822,8753,1954,2027,9996,712,2233,1577,2101
"k__Bacteria;p__Firmicutes;c__Clostridia;o__Clostridiales;f__Ruminococcaceae;g__Flavonifractor",18,20,6,3,0,13,7,0,21,148,37,28,6,1,2,6,18,71,60,101,52,29,27,22,53,53,52,27,44,583,5,22,74,81,4,131,77,35,9,63,149,652,31,219,56,9,3,4,48,8,152,15,156,136,35,26,141,13,29,11,80,6,922,173,30,40,67,32,40,124,5,37,32,14,6,7,88,49,33,144,135,37,13,232,89,190,566,224
"k__Bacteria;p__Firmicutes;c__Clostridia;o__Clostridiales;f__Ruminococcaceae;g__Gemmiger",27,1063,2906,60,186,68,0,7,198,0,36,299,140,390,52,1780,392,0,802,20,156,395,882,123,0,971,100,60,1228,897,4,132,226,109,202,592,331,176,1,1014,73,803,4,1,801,0,0,18,55,0,410,153,464,0,626,0,641,34,220,13,1081,0,384,779,890,4,8,66,189,194,501,898,653,60,379,28,0,581,398,1438,566,647,548,1,0,43,3956,359
"k__Bacteria;p__Firmicutes;c__Clostridia;o__Clostridiales;f__Ruminococcaceae;g__Hydrogenoanaerobacterium",0,0,0,9,0,0,0,0,0,0,0,2,0,0,0,1,1,0,1,0,0,0,0,0,0,0,0,1,18,0,0,0,0,1,2,0,0,0,0,0,0,0,0,0,0,0,0,0,0,0,2,0,0,0,4,0,0,0,0,0,0,0,0,4,4,0,0,0,0,0,0,0,5,0,0,0,0,0,0,3,0,0,0,0,0,0,0,0
"k__Bacteria;p__Firmicutes;c__Clostridia;o__Clostridiales;f__Ruminococcaceae;g__Oscillibacter",15,19,10,123,1,0,2,0,72,828,64,57,81,39,7,866,39,10,51,59,45,11,6,308,0,28,11,100,162,516,8,144,115,365,95,36,14,66,10,609,129,267,152,15,51,0,12,10,177,7,57,14,113,264,1269,5,80,48,54,0,51,11,1328,242,209,4,1076,253,448,95,7,9,120,52,14,25,28,58,440,1152,38,20,42,371,141,27,1338,119
"k__Bacteria;p__Firmicutes;c__Clostridia;o__Clostridiales;f__Ruminococcaceae;g__Pseudoflavonifractor",0,27,72,15,4,0,16,0,106,191,5,114,21,15,5,26,4,5,4,6,0,27,42,0,0,3,2,27,87,54,16,18,22,25,56,85,3,4,0,39,36,28,181,0,14,0,0,27,55,15,3,5,158,32,56,1,1,4,37,0,2,92,66,92,62,1,478,40,49,43,10,0,12,35,4,30,26,61,3,6,13,127,49,156,26,7,85,51
"k__Bacteria;p__Firmicutes;c__Clostridia;o__Clostridiales;f__Ruminococcaceae;g__Ruminococcus",1431,1831,775,1773,1915,83,1383,2,1189,656,139,495,1867,420,1035,3474,2065,1377,1232,1049,645,2369,69,267,17,2338,1079,1536,445,1,3954,1444,952,3787,1221,5057,2172,638,4,6797,615,130,2490,10,947,1,0,3,1972,18,4575,0,860,2,547,35,97,97,1606,1,3206,2303,7102,97,1061,0,1264,989,3543,2475,3180,30,877,1411,430,1817,2,1277,670,4410,3590,210,201,3781,913,5,418,8
"k__Bacteria;p__Firmicutes;c__Clostridia;o__Clostridiales;f__Ruminococcaceae;g__Sporobacter",0,70,11,19,3,1,0,0,188,76,1,36,163,3,4,48,29,13,119,5,0,2,8,84,0,4,7,262,1103,0,3,61,1,287,115,13,1,99,1,495,62,4,85,1,8,0,0,0,50,1,259,14,8,5,581,1,0,20,12,0,1555,0,5,224,390,1,739,162,23,12,6,47,177,183,26,3,175,873,1551,1196,19,6,13,94,119,0,0,81
"k__Bacteria;p__Firmicutes;c__Clostridia;o__Clostridiales;f__Ruminococcaceae;g__Subdoligranulum",112,693,29,34,40,23,3,0,18,223,4,43,191,111,250,31,39,163,15,269,38,29,49,27,0,326,18,182,128,1809,27,114,91,2,106,138,20,96,4,36,226,123,87,211,209,9,0,147,21,8,69,22,179,106,58,43,86,36,47,0,43,155,96,107,186,0,462,17,20,17,26,110,451,31,20,15,54,212,122,135,64,108,111,251,418,214,55,591
"k__Bacteria;p__Firmicutes;c__Erysipelotrichia;o__Erysipelotrichales;f__Erysipelotrichaceae;g__",159,469,377,380,0,868,21,23,253,21,23,617,232,1,282,122,75,421,195,8,2,197,0,2,8,38,376,21,10,0,71,259,0,16,215,0,433,109,0,59,2,307,142,1,91,401,0,279,2,1,620,119,14,1,96,0,2,0,46,239,238,39,33,115,360,1,924,72,354,374,208,4,72,187,51,593,0,331,5,1986,100,317,71,569,0,1,6,4
"k__Bacteria;p__Firmicutes;c__Erysipelotrichia;o__Erysipelotrichales;f__Erysipelotrichaceae;g__Catenibacterium",1,0,6,9,0,15,0,25,3,0,0,9,70,0,1,37,0,3,6,0,0,0,0,154,0,0,0,0,0,0,0,5,35,0,0,1,2,3,0,1,0,1,1,0,0,0,0,0,0,0,29,0,0,0,29,2,823,0,0,0,5,0,0,1,3,0,3,1,5,7,0,2851,0,3,0,5,3,3,2,30,1,2,3,2,0,0,0,0
"k__Bacteria;p__Firmicutes;c__Erysipelotrichia;o__Erysipelotrichales;f__Erysipelotrichaceae;g__Clostridium_XVIII",6,26,69,32,28,30,66,0,1,23,1,51,0,96,2,2,5,25,8,129,19,23,221,0,276,0,20,209,0,225,21,5,0,1,0,51,5,18,284,1,42,1,14,151,6,2,39,41,9,56,1,24,77,24,8,54,18,7,2,2,37,29,598,70,117,269,90,0,1,7,0,10,19,99,9,23,25,24,9,42,2,57,50,43,688,430,99,76
"k__Bacteria;p__Firmicutes;c__Erysipelotrichia;o__Erysipelotrichales;f__Erysipelotrichaceae;g__Coprobacillus",0,0,15,5,0,13,0,0,0,0,0,3,0,0,0,1,1,0,0,24,0,0,1,0,4,0,7,0,1,0,0,5,7,0,0,154,0,3,0,0,0,0,0,0,0,0,0,0,0,28,2,0,2,0,7,0,0,0,4,0,0,0,0,0,5,0,0,0,0,20,0,3,0,28,0,4,115,3,1,0,0,6,0,2,0,8,0,17
"k__Bacteria;p__Firmicutes;c__Erysipelotrichia;o__Erysipelotrichales;f__Erysipelotrichaceae;g__Erysipelotrichaceae_incertae_sedis",1,7,1,0,3,0,35,1,17,1,0,3,0,2,0,0,477,1,3,10,5,3,3,5,298,0,39,160,52,39,4,0,12,0,34,167,12,2,3,0,12,68,5,27,0,25,0,67,1,8,4,6,129,10,0,74,4,0,0,2,0,1238,30,28,2,4,8,711,5,0,302,3,0,30,0,19,68,7,0,2377,603,879,624,48,43,37,3,229
"k__Bacteria;p__Firmicutes;c__Erysipelotrichia;o__Erysipelotrichales;f__Erysipelotrichaceae;g__Holdemania",0,12,14,0,0,13,11,6,7,2,4,9,4,1,6,5,2,0,3,0,0,7,31,5,0,23,18,5,26,38,3,0,5,5,1,0,7,36,6,0,3,12,1,0,3,0,0,16,9,1,5,0,6,18,7,18,10,11,4,0,0,4,0,30,19,0,18,3,8,10,2,0,10,1,1,4,4,15,14,15,2,8,0,66,0,0,8,21
"k__Bacteria;p__Firmicutes;c__Erysipelotrichia;o__Erysipelotrichales;f__Erysipelotrichaceae;g__Solobacterium",0,0,1,0,0,6,0,0,0,0,0,0,0,0,0,0,0,3,0,0,0,0,0,0,0,0,0,0,1,10,0,0,0,1,3,0,0,0,0,0,37,0,0,0,1,0,0,0,0,1,0,0,3,0,0,0,0,12,0,0,0,0,0,0,1,0,0,0,0,0,0,0,0,1,0,1,0,0,0,0,0,0,0,0,0,0,0,1
"k__Bacteria;p__Firmicutes;c__Erysipelotrichia;o__Erysipelotrichales;f__Erysipelotrichaceae;g__Turicibacter",22,5,77,533,1,7,33,210,240,33,1,7,3,3234,0,402,0,2,61,5,26,0,5,76,20,0,2,2,123,214,0,3,3,72,33,18,2,1,0,1,45,1,0,62,51,23,1695,22,1,25,152,14,594,3,71,0,2,5,321,36,1,0,0,42,2308,0,16,3,77,0,0,16,192,0,0,1,0,0,36,92,152,82,304,438,13,2,5,3
"k__Bacteria;p__Firmicutes;c__Negativicutes;o__Selenomonadales;f__Acidaminococcaceae;g__Acidaminococcus",0,0,39,0,0,0,30,30,0,0,0,21,0,0,0,0,0,1253,101,0,10,1,0,1590,38,0,0,27,0,1,0,0,304,2895,1,1,0,123,3,0,0,1,263,0,0,0,0,0,0,0,1087,16,282,0,1219,0,98,0,0,0,0,0,1,0,113,0,1942,1,0,359,4,0,0,0,11,0,759,1,1,249,1076,95,0,0,0,1,0,6102
"k__Bacteria;p__Firmicutes;c__Negativicutes;o__Selenomonadales;f__Acidaminococcaceae;g__Phascolarctobacterium",0,841,1,0,49,14,1,0,86,43,57,0,154,3870,0,3377,1,1,3130,602,12,661,154,0,0,0,3,0,2200,3146,1,1731,2092,4,667,3134,3,3350,1714,3855,1,6716,7,5,1741,11,0,12,2916,9,0,255,1,6112,0,25,0,0,0,0,1,35,6,2991,0,1,13,1409,4211,26,321,27,1,223,6,111,1,149,1232,1,1,0,8,6467,3120,76,10059,0
"k__Bacteria;p__Firmicutes;c__Negativicutes;o__Selenomonadales;f__Veillonellaceae;g__",0,0,0,0,0,0,0,0,0,0,0,0,0,0,0,0,0,0,0,0,0,0,0,0,0,0,0,0,0,0,0,0,0,0,0,89,21,0,0,0,0,0,0,2,0,0,0,0,0,0,0,0,0,0,0,0,85,0,0,0,18,0,0,0,0,112,0,0,0,0,0,0,0,0,0,0,0,0,0,0,0,0,0,0,0,0,0,0
"k__Bacteria;p__Firmicutes;c__Negativicutes;o__Selenomonadales;f__Veillonellaceae;g__Allisonella",0,0,0,0,0,0,0,0,0,0,0,0,0,0,0,0,6,0,0,0,0,0,0,22,0,0,0,0,0,0,0,0,0,0,0,0,0,0,0,0,0,0,0,0,0,0,0,0,0,0,16,0,0,0,0,0,0,0,0,0,0,0,0,0,0,0,18,0,88,0,6,0,0,0,0,0,0,0,0,0,0,0,0,0,0,0,6,0
"k__Bacteria;p__Firmicutes;c__Negativicutes;o__Selenomonadales;f__Veillonellaceae;g__Dialister",751,0,0,5099,105,10,418,0,1,0,0,5,0,0,0,0,0,0,0,1,509,2,1,2,494,8536,480,2,438,0,1,0,1,1,39,0,495,5,6,0,64,1,0,3,3,5,0,2,0,1633,0,0,0,1,0,3,478,39,988,6,752,1106,9185,2,2,219,1,0,0,0,0,766,0,1,0,0,8,0,1,3,9,1106,196,0,0,1,0,1950
"k__Bacteria;p__Firmicutes;c__Negativicutes;o__Selenomonadales;f__Veillonellaceae;g__Megasphaera",0,0,0,0,0,4,1995,0,0,3,0,0,2,1,3,0,0,0,1323,0,0,0,132,0,0,0,1699,0,0,0,0,3,0,0,0,0,0,3,24,0,0,3,0,0,352,3,0,0,0,0,0,625,0,0,0,0,1,0,1,0,0,0,2,1,2,0,0,0,0,0,0,0,1,1,0,0,1204,0,0,0,2,0,0,0,0,0,0,0
"k__Bacteria;p__Firmicutes;c__Negativicutes;o__Selenomonadales;f__Veillonellaceae;g__Veillonella",905,60,1,117,3,821,12,1,6,1,1,0,11,187,797,4,15,212,0,4,17,16,81,0,5,1448,6,11,83,0,0,362,4,3,0,176,5,732,12499,1,2,8,67,13,49,8,209,3,5,7,17,11,9,0,71,2,2,0,38,742,216,0,253,7,221,117,28,0,160,3,2,120,852,4,6,0,2,57,11,5,682,16,1,655,0,0,2,1
"k__Bacteria;p__Fusobacteria;c__Fusobacteriia;o__Fusobacteriales;f__Fusobacteriaceae;g__Fusobacterium",0,0,0,0,0,27,0,0,2,0,0,0,0,0,0,0,0,0,0,0,0,3,0,0,0,0,0,11,2,11,0,3,3,0,52,0,0,0,11306,0,972,6,2,2,3,33,0,0,0,0,1,0,1,4,0,58520,2,5,0,0,3,0,1,0,2,0,1,0,0,0,1,1,0,0,0,3,4,1,0,0,0,0,0,0,0,0,0,0
"k__Bacteria;p__Proteobacteria;c__;o__;f__;g__",0,0,5,0,0,0,0,0,1,0,0,0,0,0,4,5,8,0,0,0,0,0,0,0,0,0,0,48,0,0,0,0,0,0,11,0,0,0,0,340,0,0,0,0,3,0,0,0,0,0,0,0,0,0,4,0,0,0,0,0,0,0,0,0,0,0,0,0,9,1,0,0,0,4,0,18,0,0,30,0,0,0,0,0,0,0,0,0
"k__Bacteria;p__Proteobacteria;c__Alphaproteobacteria;o__;f__;g__",0,0,0,0,0,0,0,0,0,0,0,0,0,0,0,0,27,0,19,0,0,0,0,0,0,0,0,14,0,0,0,0,0,0,1,0,0,0,0,0,0,0,0,0,0,0,0,0,0,0,0,0,0,0,0,0,0,0,0,0,0,0,0,0,0,0,0,0,0,17,0,0,0,16,0,0,0,0,0,0,0,111,0,0,0,0,0,0
"k__Bacteria;p__Proteobacteria;c__Alphaproteobacteria;o__Rhodobacterales;f__Rhodobacteraceae;g__Rhodobacter",0,11,14,0,1,0,0,43,0,0,0,0,0,2,0,4,0,0,0,0,41,0,0,0,14,1,0,0,0,6,0,14,50,0,0,0,0,3,0,0,0,3,23,1,1,124,0,0,0,0,9,0,0,0,8,0,0,0,0,0,0,26,0,0,0,0,5,0,147,0,0,0,0,0,69,275,0,1,0,0,4,0,0,0,0,134,0,0
"k__Bacteria;p__Proteobacteria;c__Alphaproteobacteria;o__Rhodospirillales;f__Rhodospirillaceae;g__Insolitispirillum",0,0,0,0,0,0,0,0,0,0,0,0,0,0,0,3,5,0,0,0,0,0,0,15,0,0,0,2,0,0,0,3,0,0,0,0,0,0,0,0,0,0,28,21,0,0,0,3,0,0,0,0,0,0,0,0,0,0,0,0,0,0,0,1,0,0,0,0,0,0,0,0,0,0,0,4,0,0,0,0,0,0,0,0,0,0,0,0
"k__Bacteria;p__Proteobacteria;c__Betaproteobacteria;o__Burkholderiales;f__;g__",0,0,0,0,0,0,0,0,0,0,0,0,0,0,0,0,0,0,0,0,0,0,0,0,0,0,0,0,0,0,0,0,0,44,0,2,0,0,0,0,0,0,0,8,0,0,0,0,0,0,10,0,0,0,0,0,0,0,0,0,0,0,0,0,0,0,0,8,31,0,0,0,0,0,0,0,0,0,0,0,0,0,0,0,0,0,0,0
"k__Bacteria;p__Proteobacteria;c__Betaproteobacteria;o__Burkholderiales;f__Oxalobacteraceae;g__Herbaspirillum",0,0,0,0,3,0,0,0,2,0,0,2,0,0,0,0,0,0,0,0,2,0,2,0,4,0,0,0,0,4,0,0,0,0,0,0,0,0,0,0,0,0,1,0,3,0,1,0,0,0,0,0,3,0,0,0,0,0,0,0,0,0,0,0,0,0,0,0,0,2,0,0,0,0,7,0,0,2,0,0,0,0,0,0,0,0,0,0
"k__Bacteria;p__Proteobacteria;c__Betaproteobacteria;o__Burkholderiales;f__Oxalobacteraceae;g__Oxalobacter",0,0,0,0,0,0,0,0,9,0,0,0,4,0,0,0,10,0,0,0,0,0,0,7,0,0,0,3,0,0,0,5,0,0,9,0,0,0,0,42,0,0,0,0,2,0,0,12,0,0,28,0,8,0,10,0,0,0,51,0,0,0,0,0,11,0,23,34,0,0,0,0,0,7,0,0,26,0,116,0,0,0,0,0,0,0,0,0
"k__Bacteria;p__Proteobacteria;c__Betaproteobacteria;o__Burkholderiales;f__Sutterellaceae;g__Parasutterella",9,0,0,0,2,0,0,3,5,0,5,0,5,0,2,15,2,0,4,77,1,0,5,1,0,0,0,59,201,0,2,113,10,264,0,0,189,15,1111,597,0,946,6,0,0,255,0,388,1,31,117,0,21,53,3,0,1,4,153,0,0,50,4932,0,34,0,3,0,0,341,15,89,0,0,7,2,0,4,306,0,646,22,44,0,0,0,2,665
"k__Bacteria;p__Proteobacteria;c__Betaproteobacteria;o__Burkholderiales;f__Sutterellaceae;g__Sutterella",0,0,0,0,0,0,0,6,16,0,0,10,0,0,3,0,2,2,6,0,0,0,0,9,0,0,0,2,0,0,0,0,8,0,0,0,0,0,0,0,0,0,0,0,0,0,0,0,0,0,0,9,0,146,21,0,6,0,0,0,0,0,0,0,0,47,0,111,0,0,21,0,0,0,0,3,6,0,0,0,0,0,0,0,0,0,0,0
"k__Bacteria;p__Proteobacteria;c__Betaproteobacteria;o__Neisseriales;f__Neisseriaceae;g__Neisseria",0,0,42,0,3,0,0,116,1,5,0,0,0,5,0,4,0,0,0,2,75,0,0,0,72,0,0,0,0,14,5,76,117,0,0,0,0,15,0,0,0,4,56,8,1,351,0,0,0,1,41,0,1,0,15,3,0,0,0,0,0,71,1,0,0,3,1,0,407,0,0,3,0,0,227,819,0,1,1,4,1,0,0,2,2,374,0,0
"k__Bacteria;p__Proteobacteria;c__Deltaproteobacteria;o__Desulfovibrionales;f__;g__",0,0,0,0,0,0,0,1,0,0,0,0,0,0,0,2,0,0,1,0,0,0,0,0,0,0,0,2,0,0,0,0,0,0,0,0,0,0,0,35,16,21,1,0,0,0,0,0,0,0,0,0,1,0,0,0,0,0,0,0,0,0,20,0,0,0,0,8,0,2,0,0,0,5,0,0,0,0,0,0,0,0,0,0,0,0,0,0
"k__Bacteria;p__Proteobacteria;c__Deltaproteobacteria;o__Desulfovibrionales;f__Desulfovibrionaceae;g__Bilophila",0,0,170,162,0,0,46,516,16,0,0,0,17,0,2,47,58,56,81,8,0,198,13,77,8,0,0,18,0,0,0,13,882,21,48,0,0,36,172,156,227,381,10,185,29,0,0,163,0,0,276,7,13,147,24,469,0,0,58,0,0,0,121,0,20,0,51,105,300,28,75,2,1,0,4,0,0,3,50,51,1064,10,0,795,327,0,218,289
"k__Bacteria;p__Proteobacteria;c__Deltaproteobacteria;o__Desulfovibrionales;f__Desulfovibrionaceae;g__Desulfovibrio",0,13,0,0,0,0,0,0,0,0,0,98,22,0,0,0,10,1,127,0,0,0,0,69,0,0,0,1,0,0,0,101,0,730,359,0,126,0,0,80,0,0,0,0,14,0,0,0,0,0,0,0,103,520,0,0,0,0,0,0,0,0,0,12,7,0,1,2,0,0,65,0,0,49,3,0,0,0,0,146,0,0,0,14,0,0,0,0
"k__Bacteria;p__Proteobacteria;c__Epsilonproteobacteria;o__Campylobacterales;f__Helicobacteraceae;g__Helicobacter",0,1,0,0,0,1,0,7,0,0,0,0,0,2,0,0,0,0,0,0,0,0,0,0,2,0,0,0,0,0,0,3,0,0,0,0,0,0,0,0,0,0,0,0,0,1,0,0,0,0,1,0,0,0,0,0,0,0,0,0,0,5,0,0,0,0,0,0,18,0,0,1,0,0,4,23,0,0,0,0,0,0,0,0,0,9,0,0
"k__Bacteria;p__Proteobacteria;c__Gammaproteobacteria;o__Enterobacteriales;f__Enterobacteriaceae;g__Citrobacter",0,0,0,19,0,0,0,0,0,0,0,0,0,0,0,0,0,0,0,0,0,0,0,0,0,0,0,0,0,0,0,0,0,2,0,0,0,0,0,1,2,0,2,0,0,0,9005,1,0,0,1,0,3,0,0,28,0,0,0,0,0,0,0,0,0,0,0,0,0,0,0,0,0,0,0,0,0,0,0,0,0,0,0,0,92,43,1,0
"k__Bacteria;p__Proteobacteria;c__Gammaproteobacteria;o__Enterobacteriales;f__Enterobacteriaceae;g__Enterobacter",0,9,2,631,59,11,0,0,0,0,0,2,0,0,8,0,24,192,1,0,0,0,0,28,0,10,0,0,1,0,0,7,0,5,0,1676,0,9271,2,0,0,0,0,0,0,1091,3170,13,0,0,6,0,0,0,9,1739,0,0,1,28,0,1,2,0,3,2,0,0,9,0,0,145,41,0,0,0,0,0,0,0,0,0,2,0,1,0,1,0
"k__Bacteria;p__Proteobacteria;c__Gammaproteobacteria;o__Enterobacteriales;f__Enterobacteriaceae;g__Escherichia/Shigella",272,926,1978,76,16721,10568,362,122,64,12,100,55,63,629,56,168,189,44,7,112,201,99,100,764,119,141,111,83,473,5259,72,229,193,2365,7,4673,14,18,60,13,148,191,235,8171,78,8163,910,1950,2,129,24,89,101,94,1615,28411,1086,143,50,3325,3,100,34,1054,357,951,143,21,288,5,81,2188,42,94,238,538,368,35,76,44,101,2001,122,62,4012,237,278,4058
"k__Bacteria;p__Proteobacteria;c__Gammaproteobacteria;o__Enterobacteriales;f__Enterobacteriaceae;g__Salmonella",0,0,0,0,189,0,0,0,0,0,0,0,0,0,0,0,0,203,0,0,0,0,0,0,0,0,0,7,0,0,0,0,0,0,0,1,0,1,0,0,0,0,2,0,0,5,3,1,0,0,0,0,0,0,0,2,0,0,0,0,0,0,0,0,0,0,2,0,0,0,0,0,0,0,0,0,0,0,0,0,0,0,0,0,0,0,0,1
"k__Bacteria;p__Proteobacteria;c__Gammaproteobacteria;o__Pasteurellales;f__Pasteurellaceae;g__Haemophilus",21,64,0,2340,463,10197,0,0,1,0,2,2,2,1,195,5,3,106,0,0,0,5,146,68,0,203,0,5,34,0,1,129,27,1,0,2,4,0,0,27,0,0,976,0,27,1,0,0,6,8,11,7,1,3,4,0,0,0,45,74,58,0,85,0,922,8,0,0,378,0,0,54,292,0,8,0,0,4,0,0,1682,200,2,5,1,0,0,2
"k__Bacteria;p__Proteobacteria;c__Gammaproteobacteria;o__Pasteurellales;f__Pasteurellaceae;g__Mannheimia",0,0,0,103,76,0,0,0,0,0,0,0,0,0,13,0,0,0,0,0,0,0,0,1,0,0,0,0,3,0,0,0,0,0,0,0,0,0,0,0,0,0,0,0,0,0,0,0,0,0,0,0,0,0,0,0,0,0,0,6,2,0,0,0,0,0,0,0,0,0,0,0,0,0,0,0,0,0,0,0,0,4,0,0,0,0,0,0
"k__Bacteria;p__Proteobacteria;c__Gammaproteobacteria;o__Pseudomonadales;f__Moraxellaceae;g__Acinetobacter",0,3,37,0,0,0,0,90,2,0,0,1,0,9,1,9,0,0,0,0,55,0,0,0,37,0,3,0,2,11,1,29,102,0,0,0,0,7,0,1,0,11,42,3,0,292,0,1,1,0,20,1,0,0,6,1,0,0,0,0,0,103,0,0,0,0,1,0,344,0,4,1,2,0,109,633,1,0,0,1,1,0,0,9,0,236,2,0
"k__Bacteria;p__Proteobacteria;c__Gammaproteobacteria;o__Pseudomonadales;f__Pseudomonadaceae;g__Pseudomonas",14,21,26,11,38,5,7,65,4,4,23,5,6,2,5,7,1,6,0,9,63,12,3,1,48,16,17,12,8,16,13,25,98,0,4,5,2,10,8,3,0,6,31,9,21,233,19,13,0,16,11,10,8,2,6,22,7,21,3,5,0,46,7,7,5,10,6,0,255,3,27,5,5,0,161,403,0,3,2,3,8,2,6,9,7,217,3,6
"k__Bacteria;p__Synergistetes;c__Synergistia;o__Synergistales;f__Synergistaceae;g__Cloacibacillus",0,0,0,0,0,0,0,0,0,0,0,0,0,0,0,10,0,0,0,0,0,0,0,0,0,0,0,52,1,0,0,5,0,0,486,0,4,1,0,0,0,0,4,0,0,0,0,0,0,0,0,0,11,1,115,0,0,0,0,0,0,0,0,0,4,0,2,7,0,0,1,0,0,64,0,0,6,0,0,47,0,0,0,0,0,0,0,0
"k__Bacteria;p__Verrucomicrobia;c__Verrucomicrobiae;o__Verrucomicrobiales;f__Verrucomicrobiaceae;g__Akkermansia",65,2501,1847,437,8,5626,650,3,14685,5367,4,6282,137,31,8168,4494,2969,5631,1010,6,0,6,1992,373,6671,27,824,2389,3154,12,2523,1426,2,13,4859,7,2547,68,9,39,3605,18500,3,53,38,3,103,7003,10278,451,59,939,3,318,8289,287,108,3,689,2,10057,7,2,5021,3,6,3931,797,19,4556,2,263,3317,5788,98,4,0,1193,3887,4189,724,1,397,1,5,2,6950,3
